food_code,food_name,source,water_g_100g,energy_kcal_100g,protein_g_100g,fat_g_100g,carb_g_100g,fiber_g_100g,ash_g_100g,calcium_mg_100g,phosphorus_mg_100g,iron_mg_100g,sodium_mg_100g,potassium_mg_100g,copper_mg_100g,zinc_mg_100g,retinol_mcg_100g,beta_carotene_mcg_100g,carotene_total_mcg_100g,thiamin_mg_100g,riboflavin_mg_100g,niacin_mg_100g,vitamin_c_mg_100g,bdd_percent,tkpi_main_group,tkpi_group_code,category_code,category_name,category_source,food_name_clean,food_name_match,food_name_match_original,urt,urt_qty,urt_unit,gram_per_portion,food_name_std,is_processed_code,exists_in_urt,exists_in_manual_whitelist,remove_processed,energy_kcal_per_portion,protein_g_per_portion,fat_g_per_portion,carb_g_per_portion,sodium_mg_per_portion,potassium_mg_per_portion,calcium_mg_per_portion,fiber_g_per_portion,is_excluded_keyword,is_menu_ready
AP001,Nasi,KZGPI-1990,56.7,180,3.0,0.3,39.8,0.2,0.2,25,27,0.4,1.0,38.0,0.10,-,-,-,0.0,0.05,-,0,100.0,0,A,AP,MP,Makanan Pokok,tkpi_main_group,nasi,nasi beras giling putih,nasi,3/4 Gelas,0.75,Gelas,100.0,nasi,True,True,True,False,180.0,3.0,0.3,39.8,1.0,38.0,25.0,0.2,False,True
AP005,Nasi beras merah,KZGPI-1990,64.0,149,2.8,0.4,32.5,0.3,0.3,6,63,0.8,5.0,91.4,0,0.00,0,0,0.0,0.06,0,1.6,100.0,0,A,AP,MP,Makanan Pokok,tkpi_main_group,nasi beras merah,nasi beras giling merah,nasi beras merah,3/4 Gelas,0.75,Gelas,100.0,nasi beras merah,True,True,True,False,149.0,2.8,0.4,32.5,5.0,91.4,6.0,0.3,False,True
CP037,Kembang tahu,KZGPI- 1990,"10,8",380,48.9,13.8,23.3,0.0,"3,2",378,781,"2,1",55.0,455.3,"0,68","4,2",,0,,"0,15","0,08","0,7",,100,C,CP,LN,Lauk Nabati,tkpi_main_group,kembang tahu,kembang tahu,kembang tahu,1 Lembar,1.0,Lembar,20.0,kembang tahu,True,True,True,False,76.0,9.78,2.76,4.66,11.0,91.06,75.6,0.0,False,True
CP051,Oncom,DABM-1964,57,187,13.0,6.0,22.6,,"1,4",96,115,27,,,,,0,,,"0,09",0,"1,6",0.0,100,C,CP,LN,Lauk Nabati,tkpi_main_group,oncom,oncom,oncom,2 Potong Besar,2.0,Potong Besar,50.0,oncom,True,True,True,False,93.5,6.5,3.0,11.3,,,48.0,,False,True
CP077,"Tempe kedelai, mentah",KZGPI- 1990,"55,3",201,20.8,8.8,13.5,1.4,"1,6",155,326,4,9.0,234.0,"0,57","1,7",,0,,"0,19","0,59","4,9",,100,C,CP,LN,Lauk Nabati,tkpi_main_group,"tempe kedelai, mentah",tempe kedelai,tempe kedelai,2 potong sedang,2.0,potong sedang,50.0,"tempe kedelai, mentah",True,True,True,False,100.5,10.4,4.4,6.75,4.5,117.0,77.5,0.7,False,True
DR008,"Bayam, segar",KZGPI-1990,"94,5",16,0.9,0.4,2.9,0.7,"1,3",166,76,"3,5",15.8,456.4,"0,13","0,4",,2699,2293.0,"0,04","0,1",1,41.0,71,D,DR,S,Sayur,tkpi_main_group,"bayam, segar",bayam,bayam,1 gelas,1.0,gelas,100.0,bayam,False,False,False,False,16.0,0.9,0.4,2.9,15.8,456.4,166.0,0.7,False,True
DR009,"Bayam merah, segar",KZGMI-2001,"88,5",41,2.2,0.8,6.3,2.2,"2,2",520,80,7,20.0,60.0,"0,2","0,8",0,7325,,"0,2","0,1","0,1",62.0,71,D,DR,S,Sayur,tkpi_main_group,"bayam merah, segar",bayam merah,bayam merah,1 gelas,1.0,gelas,100.0,bayam,False,False,False,False,41.0,2.2,0.8,6.3,20.0,60.0,520.0,2.2,False,True
DR013,"Buncis, segar",KZGPI-1990,"89,6",34,2.4,0.3,7.2,1.9,"0,5",101,42,"0,7",8.0,250.0,"0,07","0,3",0,772,550.0,"0,05","0,4","2,8",11.0,90,D,DR,S,Sayur,tkpi_main_group,"buncis, segar",buncis,buncis,1 gelas,1.0,gelas,100.0,buncis,False,False,False,False,34.0,2.4,0.3,7.2,8.0,250.0,101.0,1.9,False,True
DR016,"Caisin, segar",KZGPI-1990,"93,6",20,1.7,0.4,3.4,1.2,"0,9",123,40,"1,9",18.0,358.2,"0,05","1,4",,1675,4188.0,"0,04","0,19","0,6",3.0,100,D,DR,S,Sayur,tkpi_main_group,"caisin, segar",caisin,caisin,1 gelas,1.0,gelas,100.0,sawi,False,False,False,False,20.0,1.7,0.4,3.4,18.0,358.2,123.0,1.2,False,True
DR018,"Daun bawang merah, segar",KZGMI-2001,"89,1",41,2.0,0.3,7.8,2.1,"0,8",60,40,"2,3",30.0,90.0,"0,1","0,3",0,218,,"0,1","0,1","0,2",11.0,67,D,DR,S,Sayur,tkpi_main_group,"daun bawang merah, segar",daun bawang merah,daun bawang merah,1 gelas,1.0,gelas,100.0,daun bawang,False,False,False,False,41.0,2.0,0.3,7.8,30.0,90.0,60.0,2.1,False,True
DR042,"Daun kol sawi, segar",KZGPI-1990,"93,1",22,2.1,0.5,3.6,0.9,"0,7",200,92,"3,2",19.4,386.2,"0,1","0,2",0,1806,2177.0,"0,03","0,2","0,6",3.0,87,D,DR,S,Sayur,tkpi_main_group,"daun kol sawi, segar",daun kol sawi,daun kol sawi,1 gelas,1.0,gelas,100.0,sawi,False,False,False,False,22.0,2.1,0.5,3.6,19.4,386.2,200.0,0.9,False,True
DR044,"Daun kubis, segar",KZGMI-2001,"86,2",51,2.5,1.1,8.0,3.4,"2,2",100,50,"3,4",50.0,100.0,"0,9","0,6",,9999,,"0,4","0,1","0,2",16.0,75,D,DR,S,Sayur,tkpi_main_group,"daun kubis, segar",daun kubis,daun kubis,1 gelas,1.0,gelas,100.0,kubis,False,False,False,False,51.0,2.5,1.1,8.0,50.0,100.0,100.0,3.4,False,True
DR058,"Daun oyong, segar",DABM-1964,93,22,1.0,0.1,5.3,2.0,"0,6",21,44,2,39.9,295.5,"0,1","0,2",,855,1000.0,"0,08","0,1","0,8",150.0,65,D,DR,S,Sayur,tkpi_main_group,"daun oyong, segar",daun oyong,daun oyong,1 gelas,1.0,gelas,100.0,oyong,False,False,False,False,22.0,1.0,0.1,5.3,39.9,295.5,21.0,2.0,False,True
DR065,"Daun pepaya, segar",DABM-1964,"75,4",87,8.0,2.0,11.9,1.5,"2,7",353,63,"0,8",4.4,926.6,"0,2","1,5",,5409,18250.0,"0,15","0,5","1,9",140.0,71,D,DR,S,Sayur,tkpi_main_group,"daun pepaya, segar",daun pepaya,daun pepaya,1 gelas,1.0,gelas,100.0,daun pepaya,False,False,False,False,87.0,8.0,2.0,11.9,4.4,926.6,353.0,1.5,False,True
DR071,"Daun singkong, segar",KZGPI-1990,"84,4",50,6.2,1.1,7.1,2.4,"1,2",166,99,"1,3",16.5,23.1,"0,1",2,0,3204,7052.0,"0,04","0,1","1,8",103.0,87,D,DR,S,Sayur,tkpi_main_group,"daun singkong, segar",daun singkong,daun singkong,1 gelas,1.0,gelas,100.0,daun singkong,False,False,False,False,50.0,6.2,1.1,7.1,16.5,23.1,166.0,2.4,False,True
DR083,"Gambas (oyong), segar",DABM-1964,"94,5",19,0.8,0.2,4.1,1.3,"0,4",19,33,"0,9",22.9,109.1,0,"0,1",,17,380.0,"0,03",0,"0,4",8.0,85,D,DR,S,Sayur,tkpi_main_group,"gambas (oyong), segar",gambas (oyong),gambas (oyong),1 gelas,1.0,gelas,100.0,oyong,False,False,False,False,19.0,0.8,0.2,4.1,22.9,109.1,19.0,1.3,False,True
DR084,"Genjer, segar",DABM-1964,90,35,1.7,0.2,7.7,2.5,"0,4",62,33,"2,1",64.0,905.8,,,,,3800.0,"0,07","0,1","1,1",54.0,70,D,DR,S,Sayur,tkpi_main_group,"genjer, segar",genjer,genjer,1 gelas,1.0,gelas,100.0,genjer,False,False,False,False,35.0,1.7,0.2,7.7,64.0,905.8,62.0,2.5,False,True
DR085,"Jagung muda/ semi, segar",DABM-1964,"89,5",35,2.2,0.1,7.4,1.9,"0,8",7,100,"0,5",353.0,230.2,"0,1","0,8",0,23,200.0,"0,08","0,16","0,9",8.0,100,D,DR,S,Sayur,tkpi_main_group,"jagung muda/ semi, segar",jagung muda semi,jagung muda semi,1 gelas,1.0,gelas,100.0,jagung muda,False,False,False,False,35.0,2.2,0.1,7.4,353.0,230.2,7.0,1.9,False,True
DR092,"Jantung pisang, segar",DABM-1964,"90,2",32,1.2,0.3,7.1,3.2,"1,2",30,50,"0,1",3.0,524.0,"0,09","0,3",0,201,170.0,"0,05","0,03","0,8",10.0,25,D,DR,S,Sayur,tkpi_main_group,"jantung pisang, segar",jantung pisang,jantung pisang,1 gelas,1.0,gelas,100.0,jantung pisang,False,False,False,False,32.0,1.2,0.3,7.1,3.0,524.0,30.0,3.2,False,True
DR097,"Kacang panjang, segar",KZGMI-2001,"91,8",31,2.3,0.1,5.3,2.7,"0,5",60,64,"0,6",30.0,213.0,"0,1","0,5",0,125,,"0,7","0,1","0,3",46.0,92,D,DR,S,Sayur,tkpi_main_group,"kacang panjang, segar",kacang panjang,kacang panjang,1 gelas,1.0,gelas,100.0,kacang panjang,False,False,False,False,31.0,2.3,0.1,5.3,30.0,213.0,60.0,2.7,False,True
DR100,"Kangkung, segar",KZGPI-1990,91,28,3.4,0.7,3.9,2.0,1,67,54,"2,3",64.9,250.1,"0,13","0,4",,2868,5542.0,"0,07","0,36",2,17.0,60,D,DR,S,Sayur,tkpi_main_group,"kangkung, segar",kangkung,kangkung,1 gelas,1.0,gelas,100.0,kangkung,False,False,False,False,28.0,3.4,0.7,3.9,64.9,250.1,67.0,2.0,False,True
DR104,"Kecipir muda, segar",DABM-1964,"90,4",32,2.9,0.2,5.8,5.5,"0,7",63,37,"0,3",3.3,103.8,"0,18","0,4",,261,595.0,"0,24","0,11","0,7",19.0,96,D,DR,S,Sayur,tkpi_main_group,"kecipir muda, segar",kecipir muda,kecipir muda,1 gelas,1.0,gelas,100.0,kecipir,False,False,False,False,32.0,2.9,0.2,5.8,3.3,103.8,63.0,5.5,False,True
DR109,"Ketimun, segar",KZGPI-1990,"97,9",8,0.2,0.2,1.4,0.3,"0,3",29,95,"0,8",1.7,57.1,"0,02","0,1",0,18,314.0,"0,01","0,02","0,1",1.0,55,D,DR,S,Sayur,tkpi_main_group,"ketimun, segar",ketimun,ketimun,1 gelas,1.0,gelas,100.0,ketimun,False,False,False,False,8.0,0.2,0.2,1.4,1.7,57.1,29.0,0.3,False,True
DR110,"Ketimun krai, segar",KZGPI-1990,"96,8",10,0.5,0.2,2.0,0.6,"0,5",20,98,1,9.7,82.1,"0,03","0,1",0,19,21.0,"0,02","0,03","0,1",3.0,82,D,DR,S,Sayur,tkpi_main_group,"ketimun krai, segar",ketimun krai,ketimun krai,1 gelas,1.0,gelas,100.0,ketimun,False,False,False,False,10.0,0.5,0.2,2.0,9.7,82.1,20.0,0.6,False,True
DR114,"Kool merah,kool putih",DABM-1964,"92,4",29,1.4,0.2,5.3,1.9,"0,9",46,31,"0,5",28.3,236.8,"0,29","0,3",,46,80.0,"0,06","0,07","0,3",50.0,75,D,DR,S,Sayur,tkpi_main_group,"kool merah,kool putih","kool merah,kool putih","kool merah,kool putih",1 gelas,1.0,gelas,100.0,kubis,False,False,False,False,29.0,1.4,0.2,5.3,28.3,236.8,46.0,1.9,False,True
DR122,"Labu kuning, segar",KZGMI-2001,"86,6",51,1.7,0.5,10.0,2.7,"1,2",40,180,"0,7",280.0,220.0,"0,35","1,5",,1569,,"0,2",0,"0,1",2.0,74,D,DR,S,Sayur,tkpi_main_group,"labu kuning, segar",labu kuning,labu kuning,1 gelas,1.0,gelas,100.0,labu kuning,False,False,False,False,51.0,1.7,0.5,10.0,280.0,220.0,40.0,2.7,False,True
DR123,"Labu siam, segar",DABM-1964,"92,3",30,0.6,0.1,6.7,6.2,"0,3",14,25,"0,5",2.7,167.1,"0,16",1,,48,20.0,"0,02",0,"0,6",18.0,83,D,DR,S,Sayur,tkpi_main_group,"labu siam, segar",labu siam,labu siam,1 gelas,1.0,gelas,100.0,labu siam,False,False,False,False,30.0,0.6,0.1,6.7,2.7,167.1,14.0,6.2,False,True
DR124,"Labu waluh, segar",DABM-1964,"91,2",32,1.1,0.1,6.6,0.5,1,45,64,"1,4",1.0,356.2,"0,13","0,3",,712,180.0,"0,08","0,12","0,6",52.0,77,D,DR,S,Sayur,tkpi_main_group,"labu waluh, segar",labu waluh,labu waluh,1 gelas,1.0,gelas,100.0,labu kuning,False,False,False,False,32.0,1.1,0.1,6.6,1.0,356.2,45.0,0.5,False,True
DR129,Mostarda metan- sawi,KZGMI-2001,"91,4",33,2.3,0.5,4.7,1.8,"1,1",60,30,"3,1",20.0,100.0,"0,1","0,4",,1575,,"0,2","0,1","0,1",12.0,85,D,DR,S,Sayur,tkpi_main_group,mostarda metan- sawi,mostarda metan- sawi,mostarda metan- sawi,1 gelas,1.0,gelas,100.0,sawi,False,False,False,False,33.0,2.3,0.5,4.7,20.0,100.0,60.0,1.8,False,True
DR138,"Rebung, segar",KZGMI-2001,"93,3",25,0.8,0.1,5.3,9.7,"0,5",3,5,"0,5",3.0,206.0,"0,1","0,4",,10,,"0,2","0,07","0,5",0.0,28,D,DR,S,Sayur,tkpi_main_group,"rebung, segar",rebung,rebung,1 gelas,1.0,gelas,100.0,rebung,False,False,False,False,25.0,0.8,0.1,5.3,3.0,206.0,3.0,9.7,False,True
DR141,"Sawi, segar",DABM-1964,"92,2",28,2.3,0.3,4.0,2.5,"1,2",220,38,"2,9",21.9,436.5,"0,12","0,2",,2042,6460.0,"0,09","0,23","0,7",102.0,87,D,DR,S,Sayur,tkpi_main_group,"sawi, segar",sawi,sawi,1 gelas,1.0,gelas,100.0,sawi,False,False,False,False,28.0,2.3,0.3,4.0,21.9,436.5,220.0,2.5,False,True
DR142,"Sawi putih/ pecai, segar",KZGPI-1990,"96,6",9,1.0,0.1,1.7,0.8,"0,6",56,42,"1,1",5.0,193.1,"0,05","0,1",0,862,832.0,"0,05","0,18","0,4",3.0,79,D,DR,S,Sayur,tkpi_main_group,"sawi putih/ pecai, segar",sawi putih pecai,sawi putih pecai,1 gelas,1.0,gelas,100.0,sawi putih,False,False,False,False,9.0,1.0,0.1,1.7,5.0,193.1,56.0,0.8,False,True
DR143,"Sawi taiwan, segar",KZGMI-2001,"91,8",30,1.9,0.5,4.4,2.7,"1,4",100,58,"1,6",27.0,217.0,"0,1","0,7",,1340,,"0,2","0,1","0,6",33.0,85,D,DR,S,Sayur,tkpi_main_group,"sawi taiwan, segar",sawi taiwan,sawi taiwan,1 gelas,1.0,gelas,100.0,sawi,False,False,False,False,30.0,1.9,0.5,4.4,27.0,217.0,100.0,2.7,False,True
DR144,"Sawi tanah, segar",KZGMI-2001,"94,9",19,1.3,0.2,2.9,2.2,1,92,45,"1,2",17.0,145.0,"0,1","0,4",,815,,"0,2","0,1","0,1",36.0,85,D,DR,S,Sayur,tkpi_main_group,"sawi tanah, segar",sawi tanah,sawi tanah,1 gelas,1.0,gelas,100.0,sawi,False,False,False,False,19.0,1.3,0.2,2.9,17.0,145.0,92.0,2.2,False,True
DR145,"Selada, segar",DABM-1964,"94,8",18,1.2,0.2,2.9,1.8,"0,9",22,25,"0,5",18.6,186.4,"0,03","0,2",,1526,540.0,"0,04","0,13","0,4",8.0,69,D,DR,S,Sayur,tkpi_main_group,"selada, segar",selada,selada,1 gelas,1.0,gelas,100.0,selada,False,False,False,False,18.0,1.2,0.2,2.9,18.6,186.4,22.0,1.8,False,True
DR146,"Selada air, segar",KZGPI-1990,"93,3",17,3.1,0.2,2.2,0.7,"1,2",95,152,"2,4",64.9,260.7,"0,11","0,2",0,1230,3727.0,"0,09","0,14","0,7",56.0,70,D,DR,S,Sayur,tkpi_main_group,"selada air, segar",selada air,selada air,1 gelas,1.0,gelas,100.0,selada,False,False,False,False,17.0,3.1,0.2,2.2,64.9,260.7,95.0,0.7,False,True
DR147,"Seledri, segar",DABM-1964,93,23,1.0,0.1,4.6,2.0,"1,3",50,40,1,64.5,258.8,"0,08","0,4",,63,130.0,"0,03","0,07","0,4",11.0,63,D,DR,S,Sayur,tkpi_main_group,"seledri, segar",seledri,seledri,1 gelas,1.0,gelas,100.0,seledri,False,False,False,False,23.0,1.0,0.1,4.6,64.5,258.8,50.0,2.0,False,True
DR148,"Taoge, segar",KZGPI-1990,"90,4",34,3.7,1.2,4.3,1.1,"0,4",166,74,"0,8",18.9,93.3,"0,16","0,4",,41,20.0,"0,09","0,15","1,1",5.0,100,D,DR,S,Sayur,tkpi_main_group,"taoge, segar",taoge,taoge,1 gelas,1.0,gelas,100.0,taoge,False,False,False,False,34.0,3.7,1.2,4.3,18.9,93.3,166.0,1.1,False,True
DR149,"Taoge kacang kedelai, segar",DABM-1964,81,76,9.0,2.6,6.4,0.7,1,50,65,1,4.7,212.4,"0,26","0,7",,0,110.0,"0,23","0,19","1,2",15.0,100,D,DR,S,Sayur,tkpi_main_group,"taoge kacang kedelai, segar",taoge kacang kedelai,taoge kacang kedelai,1 gelas,1.0,gelas,100.0,taoge,False,False,False,False,76.0,9.0,2.6,6.4,4.7,212.4,50.0,0.7,False,True
DR150,"Taoge kacang tunggak, segar",DABM-1964,88,40,5.0,0.2,5.8,2.6,1,57,88,1,2.1,226.8,"0,07","0,5",,299,0.0,"0,07","0,08","0,8",15.0,90,D,DR,S,Sayur,tkpi_main_group,"taoge kacang tunggak, segar",taoge kacang tunggak,taoge kacang tunggak,1 gelas,1.0,gelas,100.0,taoge,False,False,False,False,40.0,5.0,0.2,5.8,2.1,226.8,57.0,2.6,False,True
DR154,"Terong, segar",DABM-1964,"92,7",28,1.1,0.2,5.5,2.1,"0,5",15,37,"0,4",8.9,187.0,"0,1","0,1",,46,30.0,"0,04","0,03","0,5",5.0,100,D,DR,S,Sayur,tkpi_main_group,"terong, segar",terong,terong,1 gelas,1.0,gelas,100.0,terong,False,False,False,False,28.0,1.1,0.2,5.5,8.9,187.0,15.0,2.1,False,True
DR159,Terung panjang,KZGPI-1990,"91,8",25,2.1,0.1,5.3,0.5,"0,7",38,24,"0,7",8.8,53.7,"0,09","0,2",0,83,24.0,"0,15","0,06","0,7",8.0,100,D,DR,S,Sayur,tkpi_main_group,terung panjang,terung panjang,terung panjang,1 gelas,1.0,gelas,100.0,terong,False,False,False,False,25.0,2.1,0.1,5.3,8.8,53.7,38.0,0.5,False,True
DR161,"Tomat merah, segar",KZGPI-1990,"92,9",24,1.3,0.5,4.7,1.5,"0,6",8,77,"0,6",9.8,164.9,"0,14","0,2",,575,2083.0,"0,06","0,07","0,4",34.0,100,D,DR,S,Sayur,tkpi_main_group,"tomat merah, segar",tomat merah,tomat merah,1 gelas,1.0,gelas,100.0,tomat,False,False,False,False,24.0,1.3,0.5,4.7,9.8,164.9,8.0,1.5,False,True
DR162,"Tomat muda, segar",DABM-1964,93,24,2.0,0.7,3.3,1.8,2,5,27,"0,5",10.3,210.0,"0,07","0,2",,384,320.0,"0,07","0,04","0,7",30.0,95,D,DR,S,Sayur,tkpi_main_group,"tomat muda, segar",tomat muda,tomat muda,1 gelas,1.0,gelas,100.0,tomat,False,False,False,False,24.0,2.0,0.7,3.3,10.3,210.0,5.0,1.8,False,True
DR166,"Wortel, segar",KZGPI-1990,"89,9",36,1.0,0.6,7.9,1.0,"0,6",45,74,1,70.0,245.0,"0,06","0,3",,3784,7125.0,"0,04","0,04",1,18.0,80,D,DR,S,Sayur,tkpi_main_group,"wortel, segar",wortel,wortel,1 gelas,1.0,gelas,100.0,wortel,False,False,False,False,36.0,1.0,0.6,7.9,70.0,245.0,45.0,1.0,False,True
ER003,"Apel malang, segar",KZGPI- 1990,86,57,0.5,0.4,12.8,0.8,"0,3",9,18,"0,6",4.0,175.4,"110,16",0,,26,2240.0,"0,05","0,03","0,1",5.0,88,E,ER,B,Buah,tkpi_main_group,"apel malang, segar",apel malang,apel malang,1 buah sedang,1.0,buah sedang,75.0,apel malang,False,True,False,False,42.75,0.375,0.3,9.6,3.0,131.55,6.75,0.6,False,True
ER022,"Duku, segar",DABM-1964,82,63,1.0,0.2,16.1,4.3,"0,7",18,9,"0,9",2.0,149.0,"0,09","0,2",,0,0.0,"0,05","0,15","1,5",9.0,64,E,ER,B,Buah,tkpi_main_group,"duku, segar",duku,duku,10-16 buah sedang,10.0,-16 buah sedang,80.0,duku,False,True,False,False,50.4,0.8,0.16,12.88,1.6,119.2,14.4,3.44,False,True
ER023,"Durian, segar",DABM-1964,65,149,2.5,3.0,21.5,3.5,8,7,44,"1,3",1.0,601.0,"0,12","0,3",,146,175.0,"0,1","0,19","136,5",53.0,22,E,ER,B,Buah,tkpi_main_group,"durian, segar",durian,durian,2 biji besar,2.0,biji besar,35.0,durian,False,True,False,False,52.15,0.875,1.05,7.525,0.35,210.35,2.45,1.225,False,True
ER035,"Jeruk bali, segar",DABM-1964,86,48,0.6,0.2,12.4,0.8,"0,5",23,27,"0,5",21.0,366.1,"171,25","0,1",,33,20.0,"0,04",0,"0,4",43.0,62,E,ER,B,Buah,tkpi_main_group,"jeruk bali, segar",jeruk bali,jeruk bali,1 potong,1.0,potong,105.0,jeruk bali,False,True,False,False,50.4,0.63,0.21,13.02,22.05,384.405,24.15,0.84,False,True
ER039,"Jeruk manis, segar",DABM-1964,87,45,0.9,0.2,11.2,1.4,"0,5",33,23,"0,4",4.0,472.1,160,"0,2",,0,190.0,"0,08","0,03","0,2",49.0,72,E,ER,B,Buah,tkpi_main_group,"jeruk manis, segar",jeruk manis,jeruk manis,2 buah sedang,2.0,buah sedang,100.0,jeruk manis,False,True,False,False,45.0,0.9,0.2,11.2,4.0,472.1,33.0,1.4,False,True
ER040,"Jeruk nipis, segar",KZGPI- 1990,89,44,0.5,0.2,10.0,0.4,"0,4",18,22,"0,2",3.0,108.9,"0,06","0,1",,23,4.0,"0,01","0,03","0,2",20.0,76,E,ER,B,Buah,tkpi_main_group,"jeruk nipis, segar",jeruk nipis,jeruk nipis,1 ½ gelas,1.5,gelas,135.0,jeruk nipis,False,True,False,False,59.4,0.675,0.27,13.5,4.05,147.015,24.3,0.54,False,True
ER048,"Kesemek, segar",DABM-1964,78,78,0.8,0.4,20.0,0.6,"0,6",6,26,"0,3",0.0,34.5,"0,13","0,1",,,2710.0,,,"0,1",11.0,97,E,ER,B,Buah,tkpi_main_group,"kesemek, segar",kesemek,kesemek,1 ½ buah,1.5,buah,65.0,kesemek,False,True,False,False,50.7,0.52,0.26,13.0,0.0,22.425,3.9,0.39,False,True
ER054,"Mangga, segar",KZGMI-2001,87,52,0.7,0.0,12.3,1.6,"0,2",20,16,1,3.0,140.0,"0,33",0,,,,,,"0,3",12.0,65,E,ER,B,Buah,tkpi_main_group,"mangga, segar",mangga,mangga,¾ buah besar,0.75,buah besar,90.0,mangga,False,True,False,False,46.8,0.6299999999999999,0.0,11.07,2.7,126.0,18.0,1.44,False,True
ER064,"Manggis, segar",DABM-1964,83,63,0.6,0.6,15.6,1.5,"0,2",8,12,"0,8",10.0,61.9,"0,1","0,1",,0,0.0,"0,03","0,03","0,3",5.0,29,E,ER,B,Buah,tkpi_main_group,"manggis, segar",manggis,manggis,2 buah sedang,2.0,buah sedang,80.0,manggis,False,True,False,False,50.4,0.48,0.48,12.48,8.0,49.52,6.4,1.2,False,True
ER065,"Markisa, segar",KZGPI- 1990,65,144,3.5,1.2,29.8,11.4,"0,8",27,203,"1,4",37.0,453.8,"0,11","0,1",0,969,691.0,"0,02","0,17",2,10.0,48,E,ER,B,Buah,tkpi_main_group,"markisa, segar",markisa,markisa,¾ buah sedang,0.75,buah sedang,35.0,markisa,False,True,False,False,50.4,1.225,0.42,10.43,12.95,158.83,9.45,3.99,False,True
ER067,"Melon, segar",BKP,91,37,0.6,0.4,7.8,1.0,"0,5",12,14,"0,4",27.0,167.0,"0,3","0,1",,1,0.0,"0,02","0,1",0,0.0,"58,1",E,ER,B,Buah,tkpi_main_group,"melon, segar",melon,melon,1 potong,1.0,potong,90.0,melon,False,True,False,False,33.3,0.54,0.36,7.02,24.3,150.3,10.8,0.9,False,True
ER074,"Pisang ambon, segar",KZGMI-2001,73,108,1.0,0.8,24.3,1.9,1,20,30,"0,2",10.0,356.3,"0,2","0,2",,37,,"0,05","0,11","0,1",9.0,75,E,ER,B,Buah,tkpi_main_group,"pisang ambon, segar",pisang ambon,pisang ambon,1 buah sedang,1.0,buah sedang,50.0,pisang ambon,False,True,False,False,54.0,0.5,0.4,12.15,5.0,178.15,10.0,0.95,False,True
ER081,"Pisang kepok, segar",KZGMI-2001,72,109,0.8,0.5,26.3,5.7,1,10,30,"0,5",10.0,300.0,"0,1","0,2",,0,,"0,1",0,"0,1",9.0,75,E,ER,B,Buah,tkpi_main_group,"pisang kepok, segar",pisang kepok,pisang kepok,1 buah,1.0,buah,45.0,pisang kepok,False,True,False,False,49.05,0.36,0.225,11.835,4.5,135.0,4.5,2.565,False,True
ER087,"Pisang mas, segar",DABM-1964,64,127,1.4,0.2,33.6,1.4,"0,6",7,25,"0,8",42.0,392.0,"195,78",,,17,,"0,09","0,08","4,5",2.0,85,E,ER,B,Buah,tkpi_main_group,"pisang mas, segar",pisang mas,pisang mas,2 buah,2.0,buah,40.0,pisang mas,False,True,False,False,50.8,0.56,0.08,13.44,16.8,156.8,2.8,0.56,False,True
ER089,"Pisang raja, segar",DABM-1964,66,120,1.2,0.2,31.8,5.3,1,10,22,"0,8",35.0,582.2,"0,31",,,53,,"0,06","0,14","1,2",10.0,70,E,ER,B,Buah,tkpi_main_group,"pisang raja, segar",pisang raja,pisang raja,2 buah kecil,2.0,buah kecil,40.0,pisang raja,False,True,False,False,48.0,0.48,0.08,12.72,14.0,232.88,4.0,2.12,False,True
ER097,"Rambutan, segar",DABM-1964,81,69,0.9,0.1,18.1,0.8,"0,4",16,16,"0,5",16.0,104.2,"0,17",,,0,,0,"0,07","0,5",58.0,40,E,ER,B,Buah,tkpi_main_group,"rambutan, segar",rambutan,rambutan,8 buah,8.0,buah,75.0,rambutan,False,True,False,False,51.75,0.675,0.075,13.575,12.0,78.15,12.0,0.6,False,True
ER101,"Salak, segar",DABM-1964,78,77,0.4,,20.9,,"0,7",28,18,"4,2",,,"0,08",,,4,,"0,04",,,2.0,93,E,ER,B,Buah,tkpi_main_group,"salak, segar",salak,salak,2 buah sedang,2.0,buah sedang,65.0,salak,False,True,False,False,50.05,0.26,,13.585,,,18.2,,False,True
ER105,"Semangka, segar",DABM-1964,92,28,0.5,0.2,6.9,0.4,"0,3",7,12,"0,2",7.0,93.8,"0,04",,,315,,"0,05","0,05","0,3",6.0,46,E,ER,B,Buah,tkpi_main_group,"semangka, segar",semangka,semangka,2 potong sedang,2.0,potong sedang,180.0,semangka,False,True,False,False,50.4,0.9,0.36,12.42,12.6,168.84,12.6,0.72,False,True
ER106,"Sirsak, segar",DABM-1964,82,65,1.0,0.3,16.3,3.2,"0,7",14,27,"0,6",2.0,298.9,"0,08",1,,8,10.0,"0,07","0,08","0,7",20.0,68,E,ER,B,Buah,tkpi_main_group,"sirsak, segar",sirsak,sirsak,½ gelas,0.5,gelas,60.0,sirsak,False,True,False,False,39.0,0.6,0.18,9.78,1.2,179.34,8.4,1.92,False,True
ER108,"Srikaya, segar",KZGPI- 1990,83,63,1.1,0.5,13.9,2.1,"1,1",127,30,"2,7",,,,,0,,31.0,"0,08",,,28.0,48,E,ER,B,Buah,tkpi_main_group,"srikaya, segar",srikaya,srikaya,2 buah besar,2.0,buah besar,50.0,srikaya,False,True,False,False,31.5,0.55,0.25,6.95,,,63.5,1.05,False,True
FR001,"Anak sapi, daging, gemuk, segar",DABM-1964,62,184,18.8,14.0,0.0,0.0,"5,2",10,200,"2,2",118.0,490.1,"0,17","3,3",12,,,,,7,,100,F,FR,LH,Lauk Hewani,tkpi_main_group,"anak sapi, daging, gemuk, segar",daging sapi,"anak sapi, daging, gemuk",1 potong sedang,1.0,potong sedang,35.0,"anak sapi, daging, gemuk",False,True,False,False,64.4,6.58,4.9,0.0,41.3,171.535,3.5,0.0,False,True
FR002,"Anak sapi, daging, kurus, segar",DABM-1964,69,174,19.6,10.0,0.0,0.0,"1,4",11,201,"2,9",96.0,399.8,"0,14","2,7",6,,,,,"5,7",0.0,100,F,FR,LH,Lauk Hewani,tkpi_main_group,"anak sapi, daging, kurus, segar",daging sapi,"anak sapi, daging, kurus",1 potong sedang,1.0,potong sedang,35.0,"anak sapi, daging, kurus",False,True,False,False,60.9,6.86,3.5,0.0,33.6,139.93,3.85,0.0,False,True
FR003,"Anak sapi, daging, sedang, segar",DABM-1964,68,190,19.1,12.0,0.0,0.0,"0,9",11,193,"2,9",99.0,412.7,"0,14","2,8",12,,,,,"5,9",0.0,100,F,FR,LH,Lauk Hewani,tkpi_main_group,"anak sapi, daging, sedang, segar",daging sapi,"anak sapi, daging, sedang",1 potong sedang,1.0,potong sedang,35.0,"anak sapi, daging, sedang",False,True,False,False,66.5,6.685,4.2,0.0,34.65,144.445,3.85,0.0,False,True
FR005,"Ayam, daging, segar",DABM-1964,"55,9",298,18.2,25.0,0.0,0.0,"0,9",14,200,"1,5",109.0,385.9,"0,11","0,6",245,,,,,"10,4",0.0,58,F,FR,LH,Lauk Hewani,tkpi_main_group,"ayam, daging, segar",daging ayam,"ayam, daging",1 potong sedang,1.0,potong sedang,40.0,"ayam, daging",False,True,False,False,119.2,7.28,10.0,0.0,43.6,154.36,5.6,0.0,False,True
FR024,"Sapi, daging gemuk, segar",DABM-1964,60,273,17.5,22.0,0.0,0.0,"0,5",10,150,"2,6",93.0,267.0,"0,17","6,4",12,,,,,"7,3",0.0,100,F,FR,LH,Lauk Hewani,tkpi_main_group,"sapi, daging, gemuk, segar",daging sapi,"sapi, daging, gemuk",1 potong sedang,1.0,potong sedang,35.0,"sapi, daging, gemuk",False,True,False,False,95.55,6.125,7.7,0.0,32.55,93.45,3.5,0.0,False,True
FR025,"Sapi, daging kurus, segar",DABM-1964,69,174,19.6,10.0,0.0,0.0,"1,4",11,181,"2,9",83.0,489.0,"0,07","4,9",6,,,,,"1,2",0.0,100,F,FR,LH,Lauk Hewani,tkpi_main_group,"sapi, daging, kurus, segar",daging sapi,"sapi, daging, kurus",1 potong sedang,1.0,potong sedang,35.0,"sapi, daging, kurus",False,True,False,False,60.9,6.86,3.5,0.0,29.05,171.15,3.85,0.0,False,True
GR001,"Belut, segar",KZGMI-2001,"81,5",70,14.6,0.8,1.0,0.0,"2,1",49,155,"1,5",55.0,169.0,"0,2","1,2",,0,,"0,22","0,12","7,7",,,G,GR,LH,Lauk Hewani,tkpi_main_group,"belut, segar",belut,belut,3 ekor,3.0,ekor,45.0,belut,False,True,False,False,31.5,6.57,0.36,0.45,24.75,76.05,22.05,0.0,False,True
GR003,"Cumi-cumi, segar",KZGPI- 1990,"82,2",75,16.1,0.7,0.1,0.0,"0,9",32,200,"1,8",37.0,204.1,"1,6","1,3",0,20,0.0,"0,08",0,"2,5",0.0,,G,GR,LH,Lauk Hewani,tkpi_main_group,"cumi-cumi, segar",cumi-cumi,cumi-cumi,1 ekor kecil,1.0,ekor kecil,45.0,cumi-cumi,False,True,False,False,33.75,7.245000000000001,0.3149999999999999,0.045,16.65,91.845,14.4,0.0,False,True
GR030,"Ikan kakap, segar",DABM- 1964,77,92,20.0,0.7,0.0,0.0,"2,3",20,200,1,,,,,9,,,"0,05",,,0.0,,G,GR,LH,Lauk Hewani,tkpi_main_group,"ikan kakap, segar",ikan kakap,ikan kakap,1/3 ekor besar,0.3333333333333333,ekor besar,35.0,ikan kakap,False,True,False,False,32.2,7.0,0.245,0.0,,,7.0,0.0,False,True
GR042,"Ikan lemuru, segar",DABM- 1964,76,112,20.0,3.0,0.0,0.0,1,20,100,1,,,,,30,0,,"0,05",,,0.0,80,G,GR,LH,Lauk Hewani,tkpi_main_group,"ikan lemuru, segar",ikan lemuru,ikan lemuru,1 potong sedang,1.0,potong sedang,35.0,ikan lemuru,False,True,False,False,39.2,7.0,1.05,0.0,,,7.0,0.0,False,True
GR046,"Ikan mas, segar",DABM- 1964,80,86,16.0,2.0,0.0,0.0,2,20,150,2,65.0,276.7,"0,1","1,1",45,8,,"0,05","0,1","2,6",0.0,80,G,GR,LH,Lauk Hewani,tkpi_main_group,"ikan mas, segar",ikan mas,ikan mas,1/3 ekor sedang,0.3333333333333333,ekor sedang,45.0,ikan mas,False,True,False,False,38.7,7.2,0.9,0.0,29.25,124.515,9.0,0.0,False,True
GR074,"Kerang, segar",KZGPI- 1990,"78,2",101,14.4,2.6,3.9,0.0,"0,9",321,270,"15,6",,,,,0,,0.0,"0,01",,,0.0,100,G,GR,LH,Lauk Hewani,tkpi_main_group,"kerang, segar",kerang,kerang,1/2 gelas,0.5,gelas,90.0,kerang,False,True,False,False,90.9,12.96,2.34,3.51,,,288.9,0.0,False,True
GP009,"Ikan cakalang asin, mentah",KZGPI- 1990,"41,7",198,36.5,2.2,5.5,0.0,"14,1",236,346,"3,7",4304.0,302.1,,,0,,0.0,"0,06",,,0.0,70,G,GP,LH,Lauk Hewani,tkpi_main_group,"ikan cakalang asin, mentah",ikan cakalang asin,ikan cakalang asin,1 potong sedang,1.0,potong sedang,20.0,"ikan cakalang asin, mentah",True,True,False,False,39.6,7.3,0.44,1.1,860.8,60.42,47.2,0.0,False,True
JR003,"Susu kambing, segar",DABM-1964,"85,9",64,4.3,2.3,6.6,0.0,"0,9",98,78,"2,7",35.0,160.0,"0,33","0,1",38,0,,"0,06","0,45","0,3",1.0,100,J,JR,SS,Susu,tkpi_main_group,"susu kambing, segar",susu kambing,susu kambing,3/4 gelas,0.75,gelas,185.0,susu kambing,False,True,False,False,118.4,7.955,4.254999999999999,12.21,64.75,296.0,181.3,0.0,False,True
JR004,"Susu kerbau, segar",DABM-1964,"73,8",160,6.3,12.0,7.1,,"0,8",216,101,"0,2",82.0,,,"0,3",24,,,"0,04","0,07",,1.0,100,J,JR,SS,Susu,tkpi_main_group,"susu kerbau, segar",susu kerbau,susu kerbau,1/2 gelas,0.5,gelas,100.0,susu kerbau,False,True,False,False,160.0,6.3,12.0,7.1,82.0,,216.0,,False,True
JR006,"Susu sapi, segar",DABM-1964,"88,3",61,3.2,3.5,4.3,0.0,"0,7",143,60,"1,7",36.0,149.0,"0,02","0,3",39,12,,"0,03","0,18","0,2",1.0,100,J,JR,SS,Susu,tkpi_main_group,"susu sapi, segar",susu sapi,susu sapi,1 gelas,1.0,gelas,200.0,susu sapi,False,True,False,False,122.0,6.4,7.0,8.6,72.0,298.0,286.0,0.0,False,True
KR009,Minyak kacang tanah,DABM-1964,0,902,0.0,100.0,0.0,0.0,0,0,0,0,0.0,0.0,0,0,0,0,,0,0,0,0.0,100,K,KR,M,Minyak / Lemak,keyword_rule,minyak kacang tanah,minyak kacang tanah,minyak kacang tanah,1 sendok teh,1.0,sendok teh,5.0,minyak kacang tanah,False,True,False,False,45.1,0.0,5.0,0.0,0.0,0.0,0.0,0.0,False,True
KR010,Minyak kedelai,FCTEA-1972,"0,1",883,0.0,99.9,0.0,0.0,0,0,0,0,0.0,0.1,0,0,0,0,,0,0,0,0.0,100,K,KR,M,Minyak / Lemak,keyword_rule,minyak kedelai,minyak kedelai,minyak kedelai,1 sendok teh,1.0,sendok teh,5.0,minyak kedelai,False,True,False,False,44.15,0.0,4.995,0.0,0.0,0.005,0.0,0.0,False,True
KR011,Minyak kelapa,DABM-1964,0,870,1.0,98.0,0.0,0.0,1,0,0,0,0.0,0.0,0,0,0,0,,0,0,0,0.0,100,K,KR,M,Minyak / Lemak,keyword_rule,minyak kelapa,minyak kelapa,minyak kelapa,1 sendok teh,1.0,sendok teh,5.0,minyak kelapa,False,True,False,False,43.5,0.05,4.9,0.0,0.0,0.0,0.0,0.0,False,True
KR014,Minyak zaitun,DABM- 1964,0,884,0.0,100.0,0.0,0.0,0,14,0,"1,2",7.0,0.0,0,0,,0,,0,0,5,,100,K,KR,M,Minyak / Lemak,keyword_rule,minyak zaitun,minyak zaitun,minyak zaitun,1 sendok teh,1.0,sendok teh,5.0,minyak zaitun,False,True,False,False,44.2,0.0,5.0,0.0,0.35,0.0,0.7,0.0,False,True
MP006,Gula kelapa,DABM- 1964,10,386,3.0,10.0,76.0,0.0,1,76,37,"2,6",2.0,0.0,0,0,0,0,,0,"0,34","0,5",0.0,100,M,MP,G,Gula,keyword_rule,gula kelapa,gula kelapa,gula kelapa,1 sendok makan,1.0,sendok makan,10.0,gula kelapa,True,True,False,False,38.6,0.3,1.0,7.6,0.2,0.0,7.6,0.0,False,True
